metric,full_minus_all_off,CI_95_lower,CI_95_upper,CI_excludes_zero
Recall@5,0.0058701887799346274,0.0026682676272430125,0.009273897671936487,True
NDCG@5,0.00411331699852562,0.002307917373213846,0.00600660246204107,True
MAP@5,0.003478753919018077,0.002064349720943677,0.00509986547484046,True
Recall@10,0.0029350943899673137,-0.000867186978853979,0.007272696951504227,False
NDCG@10,0.00326400605774769,0.0014479199807152434,0.005157661875973959,True
MAP@10,0.0031858003691103555,0.0017955058749535436,0.004622195274836858,True
Recall@20,0.0020012007204322593,-0.0029367620572343404,0.007205990260823152,False
NDCG@20,0.0030205453742206297,0.0011416615291171871,0.004942302684556375,True
MAP@20,0.003116800405909165,0.0017319000208112548,0.004607533894617174,True
